<?xml version="1.0" encoding="UTF-8" standalone="no"?>
<registration_data version="1.0">
   <environment>
      <hostname>KURNIAWANKU56CB</hostname>
      <hostId/>
      <osName>Windows 8</osName>
      <osVersion>6.2</osVersion>
      <osArchitecture>x86</osArchitecture>
      <systemModel>Parallels Virtual Platform</systemModel>
      <systemManufacturer>Parallels Software International Inc.</systemManufacturer>
      <cpuManufacturer>GenuineIntel</cpuManufacturer>
      <serialNumber>Parallels-4E 60 0E 57 D0 81 4A 26 84 4D E0 49 47 B3 CC F8</serialNumber>
   </environment>
   <registry urn="urn:st:51083b24-4663-4368-9d08-756983dc71c9" version="1.0">
      <service_tag>
         <instance_urn>urn:st:445f699b-431a-4914-bcd1-4b82cd94f033</instance_urn>
         <product_name>Java SE 7 Runtime Environment</product_name>
         <product_version>1.7.0_10</product_version>
         <product_urn>JSERE-007-ZZZZ</product_urn>
         <product_parent_urn>urn:uuid:dc1704fe-264f-11dc-9482-080020a9ed93</product_parent_urn>
         <product_parent>Java Platform Standard Edition 7 (Java SE 7)</product_parent>
         <product_defined_inst_id>id=1.7.0_10-b18 x86,dir=C:\Program Files (x86)\Java\jre7</product_defined_inst_id>
         <product_vendor>Oracle Corporation</product_vendor>
         <platform_arch>x86</platform_arch>
         <timestamp>2012-12-27 02:14:21 GMT</timestamp>
         <container>global</container>
         <source>Windows JRE installer</source>
         <installer_uid>-1</installer_uid>
      </service_tag>
   </registry>
</registration_data>
